
delete from `db_devwave`.`album_artist`;
delete from  `db_devwave`.`artist`;

delete from `db_devwave`.`song`;


INSERT INTO `db_devwave`.`artist` (`id`, `name`)
VALUES
(1, 'Linkin Park'),
(2, 'Eminem'),
(3, 'Radiohead'),
(4, 'U2'),
(5, 'Britney Spears'),
(6, 'Jay-Z'),
(7, 'Alicia Keys'),
(8, 'The Strokes'),
(9, 'Blink-182'),
(10, 'The White Stripes'),
(11, 'The Killers'),
(12, 'Green Day'),
(13, 'Usher'),
(14, 'Kanye West'),
(15, 'Arcade Fire'),
(16, 'Amy Winehouse'),
(17, 'Red Hot Chili Peppers'),
(18, 'Arctic Monkeys'),
(19, 'John Mayer'),
(20, 'Justin Timberlake'),
(21, 'Rihanna'),
(22, 'Kings of Leon'),
(23, 'Beyoncé'),
(24, 'Lady Gaga'),
(25, 'Muse'),
(26, 'Florence + The Machine'),
(27, 'The Black Eyed Peas'),
(28, 'Foo Fighters'),
(29, 'Coldplay'),
(30, 'Lil Wayne'),
(31, 'Taylor Swift'),
(32, 'Frank Ocean'),
(33, 'Adele'),
(34, 'Florence + The Machine'),
(35, 'Bruno Mars'),
(36, 'Ed Sheeran'),
(37, 'Imagine Dragons'),
(38, 'Kendrick Lamar'),
(39, 'Lorde'),
(40, 'Sam Smith'),
(41, 'The Weeknd'),
(42, 'Twenty One Pilots'),
(43, 'Billie Eilish'),
(44, 'Travis Scott'),
(45, 'Post Malone'),
(46, 'Dua Lipa'),
(47, 'Harry Styles'),
(48, 'Lewis Capaldi'),
(49, 'Taylor Swift');


INSERT INTO `db_devwave`.`album` (`id`, `title`, `year`)
VALUES
(1, 'Hybrid Theory', '2000'),
(2, 'The Marshall Mathers LP', '2000'),
(3, 'Kid A', '2000'),
(4, 'All That You Can\'t Leave Behind', '2000'),
(5, 'Oops!... I Did It Again', '2000'),
(6, 'The Blueprint', '2001'),
(7, 'Songs in A Minor', '2001'),
(8, 'Is This It', '2001'),
(9, 'Take Off Your Pants and Jacket', '2001'),
(10, 'White Blood Cells', '2001'),
(11, 'Hot Fuss', '2004'),
(12, 'American Idiot', '2004'),
(13, 'Confessions', '2004'),
(14, 'College Dropout', '2004'),
(15, 'Funeral', '2004'),
(16, 'Back to Black', '2006'),
(17, 'Stadium Arcadium', '2006'),
(18, 'Whatever People Say I Am, That\'s What I\'m Not', '2006'),
(19, 'Continuum', '2006'),
(20, 'FutureSex/LoveSounds', '2006'),
(21, 'Good Girl Gone Bad', '2007'),
(22, 'Graduation', '2007'),
(23, 'Minutes to Midnight', '2007'),
(24, 'Because of the Times', '2007'),
(25, 'In Rainbows', '2007'),
(26, 'Viva la Vida or Death and All His Friends', '2008'),
(27, 'Tha Carter III', '2008'),
(28, '808s & Heartbreak', '2008'),
(29, 'Only by the Night', '2008'),
(30, 'I Am... Sasha Fierce', '2008'),
(31, 'The Fame', '2008'),
(32, 'The Resistance', '2009'),
(33, 'Lungs', '2009'),
(34, 'The Blueprint 3', '2009'),
(35, 'The E.N.D.', '2009'),
(36, 'The Fame Monster', '2009'),
(37, 'Brothers', '2010'),
(38, 'Teenage Dream', '2010'),
(39, 'My Beautiful Dark Twisted Fantasy', '2010'),
(40, 'The Suburbs', '2010'),
(41, 'Recovery', '2010'),
(42, '21', '2011'),
(43, 'Born This Way', '2011'),
(44, 'Wasting Light', '2011'),
(45, 'Watch the Throne', '2011'),
(46, 'Ceremonials', '2011'),
(47, 'Channel Orange', '2012'),
(48, 'Red', '2012'),
(49, 'good kid, m.A.A.d City', '2012');


INSERT INTO `db_devwave`.`album_artist` (`artist_id`, `album_id`)
VALUES
(1, 1),
(2, 1),
(3, 1),
(4, 4),
(5, 5),
(6, 6),
(7, 7),
(8, 8),
(9, 9),
(10, 10),
(11, 11),
(12, 12),
(13, 13),
(14, 14),
(15, 15),
(16, 16),
(17, 17),
(18, 18),
(19, 19),
(20, 20),
(21, 21),
(22, 22),
(23, 23),
(24, 24),
(25, 25),
(26, 26),
(27, 27),
(28, 28),
(29, 29),
(30, 30),
(31, 31),
(32, 32),
(33, 33),
(34, 34),
(35, 35),
(36, 36),
(37, 37),
(38, 38),
(39, 39),
(40, 40),
(41, 41),
(42, 42),
(43, 43),
(44, 44),
(45, 45),
(46, 46),
(47, 47),
(48, 48),
(49, 49);

INSERT INTO `db_devwave`.`song` (`title`, `year`, `duration`, `album_id`)
Values
('Under Pressure', '1981', '4:08', 7),
('Every Breath You Take', '1983', '4:13', 8),
('Like a Virgin', '1984', '3:38', 9),
('Take on Me', '1985', '3:46', 10),
('Livin on a Prayer', '1986', '4:09', 11),
('With or Without You', '1987', '4:56', 12),
('Sweet Child O\' Mine', '1988', '5:56', 13),
('Another Day in Paradise', '1989', '5:22', 14),
('Nothing Compares 2 U', '1990', '5:07', 15),
('Enter Sandman', '1991', '5:32', 16),
('November Rain', '1992', '8:57', 17),
('Zombie', '1994', '5:06', 18),
('Wonderwall', '1995', '4:18', 19),
('Wannabe', '1996', '2:52', 20),
('My Heart Will Go On', '1997', '4:40', 21),
('...Baby One More Time', '1998', '3:30', 22),
('Smooth', '1999', '4:58', 23),
('Beautiful Day', '2000', '4:06', 24),
('Hot in Herre', '2002', '3:48', 25),
('Crazy in Love', '2003', '3:56', 26),
('Yeah!', '2004', '4:10', 27),
('Boulevard of Broken Dreams', '2005', '4:20', 28),
('Bad Romance', '2009', '4:54', 29),
('Rolling in the Deep', '2011', '3:48', 30),
('Get Lucky', '2013', '4:08', 31);
